emp_id,emp_name,dept_name,edu_course,target_flag,submission_status,ocr_verified,file_path,due_date
GBSA2018012,안송이,AI산업팀,2026년 공공기관 법정의무교육(개인정보보호 및 정보보안),Y,제출완료,Y,uploads/education/2026_GBSA2018012_privacy.pdf,2026-10-31
GBSA2018012,안송이,AI산업팀,2026년 직장 내 괴롭힘 및 성희롱 예방교육,Y,제출완료,Y,uploads/education/2026_GBSA2018012_harassment.pdf,2026-10-31
GBSA2018012,안송이,AI산업팀,2026년 공공행정 생성형 AI 활용 및 프롬프트 실무,Y,제출완료,Y,uploads/education/2026_GBSA2018012_genai.pdf,2026-09-30
GBSA2019024,김민준,기획조정실,2026년 공직자 청렴윤리 및 이해충돌방지 실무,Y,제출완료,Y,uploads/education/2026_GBSA2019024_integrity.pdf,2026-10-31
GBSA2019024,김민준,기획조정실,2026년 공공기관 법정의무교육(개인정보보호 및 정보보안),Y,미제출,해당없음,,2026-10-31
GBSA2020045,이서연,인사총무팀,2026년 직장 내 괴롭힘 및 성희롱 예방교육,Y,제출완료,Y,uploads/education/2026_GBSA2020045_harassment.pdf,2026-10-31
GBSA2020045,이서연,인사총무팀,2026년 산업안전보건 정기 안전교육(3분기),Y,확인중,N,uploads/education/2026_GBSA2020045_safety_scan.pdf,2026-09-30
GBSA2021003,박지훈,디지털전환팀,2026년 공공기관 법정의무교육(개인정보보호 및 정보보안),Y,미제출,해당없음,,2026-10-31
GBSA2021003,박지훈,디지털전환팀,2026년 공공행정 생성형 AI 활용 및 프롬프트 실무,Y,제출완료,Y,uploads/education/2026_GBSA2021003_genai.pdf,2026-09-30
GBSA2021034,최수진,예산팀,2026년 회계·예산 실무역량 강화과정,Y,제출완료,Y,uploads/education/2026_GBSA2021034_budget.pdf,2026-09-30
GBSA2021034,최수진,예산팀,2026년 공직자 청렴윤리 및 이해충돌방지 실무,Y,미제출,해당없음,,2026-10-31
GBSA2022011,정우성,정보화추진팀,2026년 공공기관 법정의무교육(개인정보보호 및 정보보안),Y,제출완료,Y,uploads/education/2026_GBSA2022011_privacy.pdf,2026-10-31
GBSA2022011,정우성,정보화추진팀,2026년 산업안전보건 정기 안전교육(3분기),Y,확인중,N,uploads/education/2026_GBSA2022011_safety.pdf,2026-09-30
GBSA2022056,강하늘,바이오신약지원팀,2026년 연구실 안전관리 및 유해화학물질 취급실무,Y,제출완료,Y,uploads/education/2026_GBSA2022056_biosafety.pdf,2026-10-15
GBSA2022056,강하늘,바이오신약지원팀,2026년 공공기관 법정의무교육(개인정보보호 및 정보보안),Y,미제출,해당없음,,2026-10-31
GBSA2022078,조유진,수출지원팀,2026년 직장 내 괴롭힘 및 성희롱 예방교육,Y,제출완료,Y,uploads/education/2026_GBSA2022078_harassment.pdf,2026-10-31
GBSA2022078,조유진,수출지원팀,2026년 공직자 청렴윤리 및 이해충돌방지 실무,Y,확인중,N,uploads/education/2026_GBSA2022078_integrity.png,2026-10-31
GBSA2023015,윤태오,스타트업성장지원팀,2026년 창업보육전문가 역량강화 직무교육,Y,제출완료,Y,uploads/education/2026_GBSA2023015_startup.pdf,2026-09-30
GBSA2023015,윤태오,스타트업성장지원팀,2026년 공공기관 법정의무교육(개인정보보호 및 정보보안),Y,미제출,해당없음,,2026-10-31
GBSA2023042,한지민,재무관리팀,2026년 회계·예산 실무역량 강화과정,Y,제출완료,Y,uploads/education/2026_GBSA2023042_finance.pdf,2026-09-30
GBSA2023042,한지민,재무관리팀,2026년 공직자 청렴윤리 및 이해충돌방지 실무,Y,제출완료,Y,uploads/education/2026_GBSA2023042_integrity.pdf,2026-10-31
GBSA2023067,임동현,안전시설팀,2026년 중대재해처벌법 대응 실무과정,Y,제출완료,Y,uploads/education/2026_GBSA2023067_hazard.pdf,2026-10-15
GBSA2023067,임동현,안전시설팀,2026년 산업안전보건 정기 안전교육(3분기),Y,제출완료,Y,uploads/education/2026_GBSA2023067_safety.pdf,2026-09-30
GBSA2024005,오세훈,감사실,2026년 공직자 청렴윤리 및 이해충돌방지 실무,Y,제출완료,Y,uploads/education/2026_GBSA2024005_audit.pdf,2026-10-31
GBSA2024005,오세훈,감사실,2026년 직장 내 괴롭힘 및 성희롱 예방교육,Y,제출완료,Y,uploads/education/2026_GBSA2024005_harassment.pdf,2026-10-31
GBSA2024021,배수지,미래전략실,2026년 공공행정 생성형 AI 활용 및 프롬프트 실무,Y,확인중,N,uploads/education/2026_GBSA2024021_genai_crop.jpg,2026-09-30
GBSA2024021,배수지,미래전략실,2026년 공공기관 법정의무교육(개인정보보호 및 정보보안),Y,미제출,해당없음,,2026-10-31
GBSA2024053,송중기,북부권역센터,2026년 지역산업 특화 R&D 기획 역량과정,Y,제출완료,Y,uploads/education/2026_GBSA2024053_rnd.pdf,2026-10-15
GBSA2024053,송중기,북부권역센터,2026년 산업안전보건 정기 안전교육(3분기),Y,미제출,해당없음,,2026-09-30
GBSA2025008,신민아,ICT융합팀,2026년 공공행정 생성형 AI 활용 및 프롬프트 실무,Y,제출완료,Y,uploads/education/2026_GBSA2025008_genai.pdf,2026-09-30
GBSA2025008,신민아,ICT융합팀,2026년 직장 내 괴롭힘 및 성희롱 예방교육,Y,미제출,해당없음,,2026-10-31
GBSA2025029,유연석,통상전략팀,2026년 글로벌 무역통상 규제 대응 실무,Y,확인중,N,uploads/education/2026_GBSA2025029_trade.pdf,2026-10-15
GBSA2025029,유연석,통상전략팀,2026년 공직자 청렴윤리 및 이해충돌방지 실무,Y,미제출,해당없음,,2026-10-31
GBSA2025072,문채원,창업육성팀,2026년 스타트업 투자유치 및 IR 멘토링 실무,Y,제출완료,Y,uploads/education/2026_GBSA2025072_ir.pdf,2026-10-31
GBSA2025072,문채원,창업육성팀,2026년 공공기관 법정의무교육(개인정보보호 및 정보보안),Y,확인중,N,uploads/education/2026_GBSA2025072_privacy.pdf,2026-10-31
GBSA2026001,도경수,AI산업팀,2026년 신규입사자 공직적응 및 공공윤리과정,Y,제출완료,Y,uploads/education/2026_GBSA2026001_orientation.pdf,2026-09-15
GBSA2026001,도경수,AI산업팀,2026년 산업안전보건 정기 안전교육(3분기),Y,미제출,해당없음,,2026-09-30
GBSA2017004,황정민,경영지원본부,2026년 고위직 맞춤형 4대 폭력 예방교육,Y,제출완료,Y,uploads/education/2026_GBSA2017004_executive.pdf,2026-10-31
