emp_id,emp_name,dept_name,work_date,check_in_time,check_out_time,anomaly_type,status,notified_at
GBSA2018012,안송이,AI산업팀,2026-09-01,,18:24:15,출근미인식,조치완료,2026-09-02 09:10:00
GBSA2018012,안송이,AI산업팀,2026-09-15,08:52:10,,퇴근미인식,미조치,2026-09-16 09:05:00
GBSA2019024,김민준,기획조정실,2026-09-02,08:45:19,,퇴근미인식,조치완료,2026-09-03 09:10:00
GBSA2019024,김민준,기획조정실,2026-09-16,,,전체누락,미조치,2026-09-17 09:10:00
GBSA2020045,이서연,인사총무팀,2026-09-03,,18:12:44,출근미인식,조치완료,2026-09-04 09:10:00
GBSA2020045,이서연,인사총무팀,2026-09-14,08:58:30,,퇴근미인식,미조치,2026-09-15 09:10:00
GBSA2021003,박지훈,디지털전환팀,2026-09-04,,,전체누락,조치완료,2026-09-05 09:10:00
GBSA2021003,박지훈,디지털전환팀,2026-09-15,,19:05:12,출근미인식,미조치,2026-09-16 09:05:00
GBSA2021034,최수진,예산팀,2026-09-05,08:50:22,,퇴근미인식,조치완료,2026-09-08 09:10:00
GBSA2021034,최수진,예산팀,2026-09-17,,,전체누락,미조치,2026-09-18 09:10:00
GBSA2022011,정우성,정보화추진팀,2026-09-08,,18:31:05,출근미인식,조치완료,2026-09-09 09:10:00
GBSA2022011,정우성,정보화추진팀,2026-09-16,08:41:50,,퇴근미인식,미조치,2026-09-17 09:10:00
GBSA2022056,강하늘,바이오신약지원팀,2026-09-09,08:35:14,,퇴근미인식,조치완료,2026-09-10 09:10:00
GBSA2022056,강하늘,바이오신약지원팀,2026-09-18,,18:40:22,출근미인식,미조치,2026-09-19 09:10:00
GBSA2022078,조유진,수출지원팀,2026-09-01,,,전체누락,조치완료,2026-09-02 09:10:00
GBSA2022078,조유진,수출지원팀,2026-09-11,08:54:19,,퇴근미인식,조치완료,2026-09-12 09:10:00
GBSA2022078,조유진,수출지원팀,2026-09-17,,18:15:33,출근미인식,미조치,2026-09-18 09:10:00
GBSA2023015,윤태오,스타트업성장지원팀,2026-09-02,,18:50:00,출근미인식,조치완료,2026-09-03 09:10:00
GBSA2023015,윤태오,스타트업성장지원팀,2026-09-15,,,전체누락,미조치,2026-09-16 09:05:00
GBSA2023042,한지민,재무관리팀,2026-09-03,08:47:05,,퇴근미인식,조치완료,2026-09-04 09:10:00
GBSA2023042,한지민,재무관리팀,2026-09-16,,19:20:11,출근미인식,미조치,2026-09-17 09:10:00
GBSA2023067,임동현,안전시설팀,2026-09-04,08:30:40,,퇴근미인식,조치완료,2026-09-05 09:10:00
GBSA2023067,임동현,안전시설팀,2026-09-18,,,전체누락,미조치,2026-09-19 09:10:00
GBSA2024005,오세훈,감사실,2026-09-07,,18:05:49,출근미인식,조치완료,2026-09-08 09:10:00
GBSA2024005,오세훈,감사실,2026-09-14,08:59:12,,퇴근미인식,미조치,2026-09-15 09:10:00
GBSA2024021,배수지,미래전략실,2026-09-08,,,전체누락,조치완료,2026-09-09 09:10:00
GBSA2024021,배수지,미래전략실,2026-09-17,08:53:27,,퇴근미인식,미조치,2026-09-18 09:10:00
GBSA2024053,송중기,북부권역센터,2026-09-09,,18:35:10,출근미인식,조치완료,2026-09-10 09:10:00
GBSA2024053,송중기,북부권역센터,2026-09-16,,,전체누락,미조치,2026-09-17 09:10:00
GBSA2025008,신민아,ICT융합팀,2026-09-10,08:48:33,,퇴근미인식,조치완료,2026-09-11 09:10:00
GBSA2025008,신민아,ICT융합팀,2026-09-18,,18:18:45,출근미인식,미조치,2026-09-19 09:10:00
GBSA2025029,유연석,통상전략팀,2026-09-11,,,전체누락,조치완료,2026-09-12 09:10:00
GBSA2025029,유연석,통상전략팀,2026-09-15,08:42:19,,퇴근미인식,미조치,2026-09-16 09:05:00
GBSA2025072,문채원,창업육성팀,2026-09-14,,18:28:50,출근미인식,미조치,2026-09-15 09:10:00
GBSA2026001,도경수,AI산업팀,2026-09-15,08:35:55,,퇴근미인식,미조치,2026-09-16 09:05:00
GBSA2026001,도경수,AI산업팀,2026-09-17,,,전체누락,미조치,2026-09-18 09:10:00
