submission_id,emp_id,emp_name,dept_name,edu_course,category,target_flag,due_date,d_day,submission_status,ocr_verified,ocr_confidence,file_path,submitted_at,reminder_sent_count,admin_memo
SUB-EDU-2026-001,GBSA2018012,안송이,AI산업팀,2026년 공공기관 법정의무교육(개인정보보호 및 정보보안),법정의무,Y,2026-10-31,D-39,제출완료,Y,0.99,uploads/education/2026_GBSA2018012_law.pdf,2026-09-12 11:30:00,0,정상 검증 완료
SUB-EDU-2026-002,GBSA2018012,안송이,AI산업팀,2026년 직장 내 괴롭힘 및 성희롱 예방교육,법정의무,Y,2026-10-31,D-39,제출완료,Y,0.93,uploads/education/2026_GBSA2018012_law.pdf,2026-09-12 11:30:00,0,정상 검증 완료
SUB-EDU-2026-003,GBSA2018012,안송이,AI산업팀,2026년 공공행정 생성형 AI 활용 및 프롬프트 실무,직무전문,Y,2026-09-30,D-8,제출완료,Y,0.97,uploads/education/2026_GBSA2018012_job.pdf,2026-09-12 11:30:00,0,정상 검증 완료
SUB-EDU-2026-004,GBSA2019024,김민준,기획조정실,2026년 공직자 청렴윤리 및 이해충돌방지 실무,공직윤리,Y,2026-10-31,D-39,제출완료,Y,0.95,uploads/education/2026_GBSA2019024_eth.pdf,2026-09-08 14:10:00,0,정상 검증 완료
SUB-EDU-2026-005,GBSA2019024,김민준,기획조정실,2026년 공공기관 법정의무교육(개인정보보호 및 정보보안),법정의무,Y,2026-10-31,D-39,제출완료,Y,0.93,uploads/education/2026_GBSA2019024_law.pdf,2026-09-08 14:10:00,0,정상 검증 완료
SUB-EDU-2026-006,GBSA2020045,이서연,인사총무팀,2026년 직장 내 괴롭힘 및 성희롱 예방교육,법정의무,Y,2026-10-31,D-39,반려,불일치,0.45,uploads/education/2026_GBSA2020045_law_err.png,2026-09-14 09:20:00,2,첨부된 파일이 타 교육과정 수료증으로 식별되어 반려됨
SUB-EDU-2026-007,GBSA2020045,이서연,인사총무팀,2026년 산업안전보건 정기 안전교육(3분기),산업안전,Y,2026-09-30,D-8,확인중,N,0.63,uploads/education/2026_GBSA2020045_safe_scan.pdf,2026-09-19 16:40:00,1,OCR 신뢰도 미달(스캔 해상도 낮음)로 관리자 육안검증 대기
SUB-EDU-2026-008,GBSA2021003,박지훈,디지털전환팀,2026년 공공기관 법정의무교육(개인정보보호 및 정보보안),법정의무,Y,2026-10-31,D-39,제출완료,Y,0.97,uploads/education/2026_GBSA2021003_law.pdf,2026-09-08 14:10:00,0,정상 검증 완료
SUB-EDU-2026-009,GBSA2021003,박지훈,디지털전환팀,2026년 공공행정 생성형 AI 활용 및 프롬프트 실무,직무전문,Y,2026-09-30,D-8,제출완료,Y,0.97,uploads/education/2026_GBSA2021003_job.pdf,2026-09-08 14:10:00,0,정상 검증 완료
SUB-EDU-2026-010,GBSA2021034,최수진,예산팀,2026년 회계·예산 실무역량 강화과정,직무전문,Y,2026-09-30,D-8,확인중,N,0.64,uploads/education/2026_GBSA2021034_job_scan.pdf,2026-09-19 16:40:00,1,OCR 신뢰도 미달(스캔 해상도 낮음)로 관리자 육안검증 대기
SUB-EDU-2026-011,GBSA2021034,최수진,예산팀,2026년 공직자 청렴윤리 및 이해충돌방지 실무,공직윤리,Y,2026-10-31,D-39,반려,불일치,0.45,uploads/education/2026_GBSA2021034_eth_err.png,2026-09-14 09:20:00,2,첨부된 파일이 타 교육과정 수료증으로 식별되어 반려됨
SUB-EDU-2026-012,GBSA2022011,정우성,정보화추진팀,2026년 공공기관 법정의무교육(개인정보보호 및 정보보안),법정의무,Y,2026-10-31,D-39,제출완료,Y,0.95,uploads/education/2026_GBSA2022011_law.pdf,2026-09-08 14:10:00,0,정상 검증 완료
SUB-EDU-2026-013,GBSA2022011,정우성,정보화추진팀,2026년 산업안전보건 정기 안전교육(3분기),산업안전,Y,2026-09-30,D-8,제출완료,Y,0.91,uploads/education/2026_GBSA2022011_safe.pdf,2026-09-08 14:10:00,0,정상 검증 완료
SUB-EDU-2026-014,GBSA2022056,강하늘,바이오신약지원팀,2026년 연구실 안전관리 및 유해화학물질 취급실무,산업안전,Y,2026-10-15,D-23,반려,불일치,0.45,uploads/education/2026_GBSA2022056_job_err.png,2026-09-14 09:20:00,2,첨부된 파일이 타 교육과정 수료증으로 식별되어 반려됨
SUB-EDU-2026-015,GBSA2022056,강하늘,바이오신약지원팀,2026년 공공기관 법정의무교육(개인정보보호 및 정보보안),법정의무,Y,2026-10-31,D-39,제출완료,Y,0.96,uploads/education/2026_GBSA2022056_law.pdf,2026-09-08 14:10:00,0,정상 검증 완료
SUB-EDU-2026-016,GBSA2022078,조유진,수출지원팀,2026년 직장 내 괴롭힘 및 성희롱 예방교육,법정의무,Y,2026-10-31,D-39,미제출,해당없음,,,,1,미제출 독려 대상 (카카오 알림톡 2회 발송)
SUB-EDU-2026-017,GBSA2022078,조유진,수출지원팀,2026년 공직자 청렴윤리 및 이해충돌방지 실무,공직윤리,Y,2026-10-31,D-39,확인중,N,0.61,uploads/education/2026_GBSA2022078_eth_scan.pdf,2026-09-19 16:40:00,1,OCR 신뢰도 미달(스캔 해상도 낮음)로 관리자 육안검증 대기
SUB-EDU-2026-018,GBSA2023015,윤태오,스타트업성장지원팀,2026년 창업보육전문가 역량강화 직무교육,직무전문,Y,2026-09-30,D-8,반려,불일치,0.45,uploads/education/2026_GBSA2023015_job_err.png,2026-09-14 09:20:00,2,첨부된 파일이 타 교육과정 수료증으로 식별되어 반려됨
SUB-EDU-2026-019,GBSA2023015,윤태오,스타트업성장지원팀,2026년 공공기관 법정의무교육(개인정보보호 및 정보보안),법정의무,Y,2026-10-31,D-39,제출완료,Y,0.96,uploads/education/2026_GBSA2023015_law.pdf,2026-09-08 14:10:00,0,정상 검증 완료
SUB-EDU-2026-020,GBSA2023042,한소희,감사실,2026년 공직자 청렴윤리 및 이해충돌방지 실무,공직윤리,Y,2026-10-31,D-39,제출완료,Y,0.9,uploads/education/2026_GBSA2023042_eth.pdf,2026-09-08 14:10:00,0,정상 검증 완료
SUB-EDU-2026-021,GBSA2023042,한소희,감사실,2026년 공공기관 법정의무교육(개인정보보호 및 정보보안),법정의무,Y,2026-10-31,D-39,확인중,N,0.65,uploads/education/2026_GBSA2023042_law_scan.pdf,2026-09-19 16:40:00,1,OCR 신뢰도 미달(스캔 해상도 낮음)로 관리자 육안검증 대기
SUB-EDU-2026-022,GBSA2023067,배수지,안전시설팀,2026년 산업안전보건 정기 안전교육(3분기),산업안전,Y,2026-09-30,D-8,반려,불일치,0.45,uploads/education/2026_GBSA2023067_safe_err.png,2026-09-14 09:20:00,2,첨부된 파일이 타 교육과정 수료증으로 식별되어 반려됨
SUB-EDU-2026-023,GBSA2023067,배수지,안전시설팀,2026년 직장 내 괴롭힘 및 성희롱 예방교육,법정의무,Y,2026-10-31,D-39,제출완료,Y,0.92,uploads/education/2026_GBSA2023067_law.pdf,2026-09-08 14:10:00,0,정상 검증 완료
SUB-EDU-2026-024,GBSA2024005,이도현,재무관리팀,2026년 회계·예산 실무역량 강화과정,직무전문,Y,2026-09-30,D-8,제출완료,Y,0.91,uploads/education/2026_GBSA2024005_job.pdf,2026-09-08 14:10:00,0,정상 검증 완료
SUB-EDU-2026-025,GBSA2024005,이도현,재무관리팀,2026년 공공기관 법정의무교육(개인정보보호 및 정보보안),법정의무,Y,2026-10-31,D-39,제출완료,Y,0.92,uploads/education/2026_GBSA2024005_law.pdf,2026-09-08 14:10:00,0,정상 검증 완료
SUB-EDU-2026-026,GBSA2024021,유연석,미래전략실,2026년 공공행정 생성형 AI 활용 및 프롬프트 실무,직무전문,Y,2026-09-30,D-8,미제출,해당없음,,,,2,미제출 독려 대상 (카카오 알림톡 2회 발송)
SUB-EDU-2026-027,GBSA2024021,유연석,미래전략실,2026년 직장 내 괴롭힘 및 성희롱 예방교육,법정의무,Y,2026-10-31,D-39,반려,불일치,0.45,uploads/education/2026_GBSA2024021_law_err.png,2026-09-14 09:20:00,2,첨부된 파일이 타 교육과정 수료증으로 식별되어 반려됨
SUB-EDU-2026-028,GBSA2024053,송중기,북부권역센터,2026년 산업안전보건 정기 안전교육(3분기),산업안전,Y,2026-09-30,D-8,확인중,N,0.7,uploads/education/2026_GBSA2024053_safe_scan.pdf,2026-09-19 16:40:00,1,OCR 신뢰도 미달(스캔 해상도 낮음)로 관리자 육안검증 대기
SUB-EDU-2026-029,GBSA2024053,송중기,북부권역센터,2026년 공직자 청렴윤리 및 이해충돌방지 실무,공직윤리,Y,2026-10-31,D-39,제출완료,Y,0.91,uploads/education/2026_GBSA2024053_eth.pdf,2026-09-08 14:10:00,0,정상 검증 완료
SUB-EDU-2026-030,GBSA2025008,신민아,ICT융합팀,2026년 공공행정 생성형 AI 활용 및 프롬프트 실무,직무전문,Y,2026-09-30,D-8,제출완료,Y,0.91,uploads/education/2026_GBSA2025008_job.pdf,2026-09-08 14:10:00,0,정상 검증 완료
SUB-EDU-2026-031,GBSA2025008,신민아,ICT융합팀,2026년 공공기관 법정의무교육(개인정보보호 및 정보보안),법정의무,Y,2026-10-31,D-39,제출완료,Y,0.97,uploads/education/2026_GBSA2025008_law.pdf,2026-09-08 14:10:00,0,정상 검증 완료
SUB-EDU-2026-032,GBSA2025029,임시완,글로벌성장처,2026년 직장 내 괴롭힘 및 성희롱 예방교육,법정의무,Y,2026-10-31,D-39,제출완료,Y,0.97,uploads/education/2026_GBSA2025029_law.pdf,2026-09-08 14:10:00,0,정상 검증 완료
SUB-EDU-2026-033,GBSA2025029,임시완,글로벌성장처,2026년 공공행정 생성형 AI 활용 및 프롬프트 실무,직무전문,Y,2026-09-30,D-8,반려,불일치,0.45,uploads/education/2026_GBSA2025029_job_err.png,2026-09-14 09:20:00,2,첨부된 파일이 타 교육과정 수료증으로 식별되어 반려됨
SUB-EDU-2026-034,GBSA2025072,문채원,창업육성팀,2026년 창업보육전문가 역량강화 직무교육,직무전문,Y,2026-09-30,D-8,제출완료,Y,0.94,uploads/education/2026_GBSA2025072_job.pdf,2026-09-08 14:10:00,0,정상 검증 완료
SUB-EDU-2026-035,GBSA2025072,문채원,창업육성팀,2026년 공공기관 법정의무교육(개인정보보호 및 정보보안),법정의무,Y,2026-10-31,D-39,미제출,해당없음,,,,2,미제출 독려 대상 (카카오 알림톡 2회 발송)
SUB-EDU-2026-036,GBSA2026001,도경수,AI산업팀,2026년 공공행정 생성형 AI 활용 및 프롬프트 실무,직무전문,Y,2026-09-30,D-8,제출완료,Y,0.94,uploads/education/2026_GBSA2026001_job.pdf,2026-09-08 14:10:00,0,정상 검증 완료
SUB-EDU-2026-037,GBSA2026001,도경수,AI산업팀,2026년 공직자 청렴윤리 및 이해충돌방지 실무,공직윤리,Y,2026-10-31,D-39,반려,불일치,0.45,uploads/education/2026_GBSA2026001_eth_err.png,2026-09-14 09:20:00,2,첨부된 파일이 타 교육과정 수료증으로 식별되어 반려됨
SUB-EDU-2026-038,GBSA2017004,황정민,경영혁신처,2026년 공공기관 법정의무교육(개인정보보호 및 정보보안),법정의무,Y,2026-10-31,D-39,미제출,해당없음,,,,2,미제출 독려 대상 (카카오 알림톡 2회 발송)
SUB-EDU-2026-039,GBSA2017004,황정민,경영혁신처,2026년 공직자 청렴윤리 및 이해충돌방지 실무,공직윤리,Y,2026-10-31,D-39,미제출,해당없음,,,,2,미제출 독려 대상 (카카오 알림톡 2회 발송)
