anomaly_id,emp_id,emp_name,dept_name,work_date,check_in_time,check_out_time,anomaly_type,status,explanation_status,explanation_reason,submitted_at,approver,resolution_date,penalty_applied,notified_at
ANO-202609-001,GBSA2018012,안송이,AI산업팀,2026-09-01,,18:19:18,출근미인식,조치완료,승인완료,외부 도내 중소기업 현장 미팅 후 현지 퇴근,2026-09-02 09:30:00,AI산업팀 부서장,2026-09-02 14:00:00,N,2026-09-02 09:05:00
ANO-202609-002,GBSA2022078,조유진,수출지원팀,2026-09-01,,,전체누락,조치완료,승인완료,사옥 정문 게이트 지문인식 센서 인식 오류,2026-09-02 09:30:00,수출지원팀 부서장,2026-09-02 14:00:00,N,2026-09-02 09:05:00
ANO-202609-003,GBSA2019024,김민준,기획조정실,2026-09-02,08:43:59,,퇴근미인식,조치완료,승인완료,사내 세미나장 준비로 다른 비인가 출입문 이용,2026-09-03 09:30:00,기획조정실 부서장,2026-09-03 14:00:00,N,2026-09-03 09:05:00
ANO-202609-004,GBSA2023015,윤태오,스타트업성장지원팀,2026-09-02,,20:43:37,출근미인식,조치완료,승인완료,사옥 정문 게이트 지문인식 센서 인식 오류,2026-09-03 09:30:00,스타트업성장지원팀 부서장,2026-09-03 14:00:00,N,2026-09-03 09:05:00
ANO-202609-005,GBSA2026001,도경수,AI산업팀,2026-09-02,,,전체누락,조치완료,승인완료,사옥 정문 게이트 지문인식 센서 인식 오류,2026-09-03 09:30:00,AI산업팀 부서장,2026-09-03 14:00:00,N,2026-09-03 09:05:00
ANO-202609-006,GBSA2020045,이서연,인사총무팀,2026-09-03,,18:15:34,출근미인식,조치완료,승인완료,외부 도내 중소기업 현장 미팅 후 현지 퇴근,2026-09-04 09:30:00,인사총무팀 부서장,2026-09-04 14:00:00,N,2026-09-04 09:05:00
ANO-202609-007,GBSA2024053,송중기,북부권역센터,2026-09-03,,,전체누락,조치완료,승인완료,사옥 정문 게이트 지문인식 센서 인식 오류,2026-09-04 09:30:00,북부권역센터 부서장,2026-09-04 14:00:00,N,2026-09-04 09:05:00
ANO-202609-008,GBSA2021003,박지훈,디지털전환팀,2026-09-04,,,전체누락,조치완료,승인완료,도청 정책협의회 출장 참석으로 인한 미태그,2026-09-05 09:30:00,디지털전환팀 부서장,2026-09-05 14:00:00,N,2026-09-05 09:05:00
ANO-202609-009,GBSA2023042,한소희,감사실,2026-09-04,08:56:22,,퇴근미인식,조치완료,승인완료,외부 도내 중소기업 현장 미팅 후 현지 퇴근,2026-09-05 09:30:00,감사실 부서장,2026-09-05 14:00:00,N,2026-09-05 09:05:00
ANO-202609-010,GBSA2025029,임시완,글로벌성장처,2026-09-04,,18:44:30,출근미인식,조치완료,승인완료,외부 도내 중소기업 현장 미팅 후 현지 퇴근,2026-09-05 09:30:00,글로벌성장처 부서장,2026-09-05 14:00:00,N,2026-09-05 09:05:00
ANO-202609-011,GBSA2022011,정우성,정보화추진팀,2026-09-08,,18:27:24,출근미인식,조치완료,승인완료,외부 도내 중소기업 현장 미팅 후 현지 퇴근,2026-09-09 09:30:00,정보화추진팀 부서장,2026-09-09 14:00:00,N,2026-09-09 09:05:00
ANO-202609-012,GBSA2023067,배수지,안전시설팀,2026-09-08,,18:09:47,출근미인식,조치완료,승인완료,사옥 정문 게이트 지문인식 센서 인식 오류,2026-09-09 09:30:00,안전시설팀 부서장,2026-09-09 14:00:00,N,2026-09-09 09:05:00
ANO-202609-013,GBSA2025072,문채원,창업육성팀,2026-09-08,08:37:27,,퇴근미인식,조치완료,승인완료,사내 세미나장 준비로 다른 비인가 출입문 이용,2026-09-09 09:30:00,창업육성팀 부서장,2026-09-09 14:00:00,N,2026-09-09 09:05:00
ANO-202609-014,GBSA2022056,강하늘,바이오신약지원팀,2026-09-09,08:38:56,,퇴근미인식,조치완료,승인완료,판교 스타트업캠퍼스 입주기업 상담 출장,2026-09-10 09:30:00,바이오신약지원팀 부서장,2026-09-10 14:00:00,N,2026-09-10 09:05:00
ANO-202609-015,GBSA2024005,이도현,재무관리팀,2026-09-09,08:38:10,,퇴근미인식,조치완료,승인완료,사내 세미나장 준비로 다른 비인가 출입문 이용,2026-09-10 09:30:00,재무관리팀 부서장,2026-09-10 14:00:00,N,2026-09-10 09:05:00
ANO-202609-016,GBSA2024021,유연석,미래전략실,2026-09-10,,19:23:52,출근미인식,조치완료,승인완료,사내 세미나장 준비로 다른 비인가 출입문 이용,2026-09-11 09:30:00,미래전략실 부서장,2026-09-11 14:00:00,N,2026-09-11 09:05:00
ANO-202609-017,GBSA2022078,조유진,수출지원팀,2026-09-11,08:47:24,,퇴근미인식,조치완료,승인완료,사내 세미나장 준비로 다른 비인가 출입문 이용,2026-09-12 09:30:00,수출지원팀 부서장,2026-09-12 14:00:00,N,2026-09-12 09:05:00
ANO-202609-018,GBSA2025008,신민아,ICT융합팀,2026-09-11,,19:11:58,출근미인식,조치완료,승인완료,외부 도내 중소기업 현장 미팅 후 현지 퇴근,2026-09-12 09:30:00,ICT융합팀 부서장,2026-09-12 14:00:00,N,2026-09-12 09:05:00
ANO-202609-019,GBSA2017004,황정민,경영혁신처,2026-09-11,,18:36:47,출근미인식,조치완료,승인완료,사옥 정문 게이트 지문인식 센서 인식 오류,2026-09-12 09:30:00,경영혁신처 부서장,2026-09-12 14:00:00,N,2026-09-12 09:05:00
ANO-202609-020,GBSA2020045,이서연,인사총무팀,2026-09-14,08:53:29,,퇴근미인식,미조치,미소명,미제출,,,,N,2026-09-15 09:05:00
ANO-202609-021,GBSA2018012,안송이,AI산업팀,2026-09-15,08:53:57,,퇴근미인식,미조치,미소명,미제출,,,,N,2026-09-16 09:05:00
ANO-202609-022,GBSA2021003,박지훈,디지털전환팀,2026-09-15,,18:30:27,출근미인식,미조치,미소명,미제출,,,,N,2026-09-16 09:05:00
ANO-202609-023,GBSA2023015,윤태오,스타트업성장지원팀,2026-09-15,,,전체누락,미조치,미소명,미제출,,,,N,2026-09-16 09:05:00
ANO-202609-024,GBSA2024053,송중기,북부권역센터,2026-09-15,08:50:35,,퇴근미인식,미조치,미소명,미제출,,,,N,2026-09-16 09:05:00
ANO-202609-025,GBSA2026001,도경수,AI산업팀,2026-09-15,,18:46:51,출근미인식,검토중,소명서제출,판교 스타트업캠퍼스 입주기업 상담 출장,2026-09-16 10:00:00,AI산업팀 부서장,,N,2026-09-16 09:05:00
ANO-202609-026,GBSA2019024,김민준,기획조정실,2026-09-16,,,전체누락,검토중,소명서제출,외부 도내 중소기업 현장 미팅 후 현지 퇴근,2026-09-17 10:00:00,기획조정실 부서장,,N,2026-09-17 09:05:00
ANO-202609-027,GBSA2022011,정우성,정보화추진팀,2026-09-16,08:46:16,,퇴근미인식,미조치,미소명,미제출,,,,N,2026-09-17 09:05:00
ANO-202609-028,GBSA2023067,배수지,안전시설팀,2026-09-16,,,전체누락,미조치,미소명,미제출,,,,N,2026-09-17 09:05:00
ANO-202609-029,GBSA2025029,임시완,글로벌성장처,2026-09-16,,,전체누락,검토중,소명서제출,사내 세미나장 준비로 다른 비인가 출입문 이용,2026-09-17 10:00:00,글로벌성장처 부서장,,N,2026-09-17 09:05:00
ANO-202609-030,GBSA2021034,최수진,예산팀,2026-09-17,,,전체누락,미조치,미소명,미제출,,,,N,2026-09-18 09:05:00
ANO-202609-031,GBSA2022078,조유진,수출지원팀,2026-09-17,,18:27:56,출근미인식,검토중,소명서제출,사옥 정문 게이트 지문인식 센서 인식 오류,2026-09-18 10:00:00,수출지원팀 부서장,,N,2026-09-18 09:05:00
ANO-202609-032,GBSA2024005,이도현,재무관리팀,2026-09-17,,18:33:14,출근미인식,미조치,미소명,미제출,,,,N,2026-09-18 09:05:00
ANO-202609-033,GBSA2025008,신민아,ICT융합팀,2026-09-17,08:54:48,,퇴근미인식,미조치,미소명,미제출,,,,N,2026-09-18 09:05:00
ANO-202609-034,GBSA2022056,강하늘,바이오신약지원팀,2026-09-18,,18:24:21,출근미인식,검토중,소명서제출,도청 정책협의회 출장 참석으로 인한 미태그,2026-09-19 10:00:00,바이오신약지원팀 부서장,,N,2026-09-19 09:05:00
ANO-202609-035,GBSA2023042,한소희,감사실,2026-09-18,,19:14:20,출근미인식,미조치,미소명,미제출,,,,N,2026-09-19 09:05:00
ANO-202609-036,GBSA2024021,유연석,미래전략실,2026-09-18,08:50:22,,퇴근미인식,검토중,소명서제출,사내 세미나장 준비로 다른 비인가 출입문 이용,2026-09-19 10:00:00,미래전략실 부서장,,N,2026-09-19 09:05:00
ANO-202609-037,GBSA2025072,문채원,창업육성팀,2026-09-18,,18:19:38,출근미인식,검토중,소명서제출,외부 도내 중소기업 현장 미팅 후 현지 퇴근,2026-09-19 10:00:00,창업육성팀 부서장,,N,2026-09-19 09:05:00
