enrollment_id,emp_id,emp_name,dept_name,course_code,course_name,category,institution,learning_hours,study_start_date,study_end_date,progress_rate,exam_score,completion_status,cert_issue_no
LMS-2026-101,GBSA2018012,안송이,AI산업팀,EDU-LAW-01,2026년 공공기관 법정의무교육(개인정보보호 및 정보보안),법정의무,경기도인재개발원,4,2026-08-10,2026-09-10,100,87.0,수료,CERT-2026-GBSA-101
LMS-2026-102,GBSA2018012,안송이,AI산업팀,EDU-LAW-02,2026년 직장 내 괴롭힘 및 성희롱 예방교육,법정의무,한국생산성본부,2,2026-08-10,2026-09-10,100,95.0,수료,CERT-2026-GBSA-102
LMS-2026-103,GBSA2018012,안송이,AI산업팀,EDU-JOB-01,2026년 공공행정 생성형 AI 활용 및 프롬프트 실무,직무전문,GBSA 사내학습센터,8,2026-08-10,2026-09-10,100,92.0,수료,CERT-2026-GBSA-103
LMS-2026-104,GBSA2019024,김민준,기획조정실,EDU-ETH-01,2026년 공직자 청렴윤리 및 이해충돌방지 실무,공직윤리,국가과학기술인력개발원,3,2026-08-15,2026-09-05,100,97.0,수료,CERT-2026-GBSA-104
LMS-2026-105,GBSA2019024,김민준,기획조정실,EDU-LAW-01,2026년 공공기관 법정의무교육(개인정보보호 및 정보보안),법정의무,경기도인재개발원,4,2026-08-15,2026-09-05,100,84.0,수료,CERT-2026-GBSA-105
LMS-2026-106,GBSA2020045,이서연,인사총무팀,EDU-LAW-02,2026년 직장 내 괴롭힘 및 성희롱 예방교육,법정의무,한국생산성본부,2,2026-08-01,2026-08-25,100,80.0,수료,CERT-2026-GBSA-106
LMS-2026-107,GBSA2020045,이서연,인사총무팀,EDU-SAFE-01,2026년 산업안전보건 정기 안전교육(3분기),산업안전,안전보건공단,6,2026-08-20,2026-09-18,100,91.0,수료,CERT-2026-GBSA-107
LMS-2026-108,GBSA2021003,박지훈,디지털전환팀,EDU-LAW-01,2026년 공공기관 법정의무교육(개인정보보호 및 정보보안),법정의무,경기도인재개발원,4,2026-08-15,2026-09-05,100,90.0,수료,CERT-2026-GBSA-108
LMS-2026-109,GBSA2021003,박지훈,디지털전환팀,EDU-JOB-01,2026년 공공행정 생성형 AI 활용 및 프롬프트 실무,직무전문,GBSA 사내학습센터,8,2026-08-15,2026-09-05,100,96.0,수료,CERT-2026-GBSA-109
LMS-2026-110,GBSA2021034,최수진,예산팀,EDU-JOB-02,2026년 회계·예산 실무역량 강화과정,직무전문,한국생산성본부,12,2026-08-20,2026-09-18,100,83.0,수료,CERT-2026-GBSA-110
LMS-2026-111,GBSA2021034,최수진,예산팀,EDU-ETH-01,2026년 공직자 청렴윤리 및 이해충돌방지 실무,공직윤리,국가과학기술인력개발원,3,2026-08-01,2026-08-25,100,84.0,수료,CERT-2026-GBSA-111
LMS-2026-112,GBSA2022011,정우성,정보화추진팀,EDU-LAW-01,2026년 공공기관 법정의무교육(개인정보보호 및 정보보안),법정의무,경기도인재개발원,4,2026-08-15,2026-09-05,100,89.0,수료,CERT-2026-GBSA-112
LMS-2026-113,GBSA2022011,정우성,정보화추진팀,EDU-SAFE-01,2026년 산업안전보건 정기 안전교육(3분기),산업안전,안전보건공단,6,2026-08-15,2026-09-05,100,100.0,수료,CERT-2026-GBSA-113
LMS-2026-114,GBSA2022056,강하늘,바이오신약지원팀,EDU-JOB-03,2026년 연구실 안전관리 및 유해화학물질 취급실무,산업안전,국가과학기술인력개발원,8,2026-08-01,2026-08-25,100,82.0,수료,CERT-2026-GBSA-114
LMS-2026-115,GBSA2022056,강하늘,바이오신약지원팀,EDU-LAW-01,2026년 공공기관 법정의무교육(개인정보보호 및 정보보안),법정의무,경기도인재개발원,4,2026-08-15,2026-09-05,100,99.0,수료,CERT-2026-GBSA-115
LMS-2026-116,GBSA2022078,조유진,수출지원팀,EDU-LAW-02,2026년 직장 내 괴롭힘 및 성희롱 예방교육,법정의무,한국생산성본부,2,2026-09-01,,56,,학습중,
LMS-2026-117,GBSA2022078,조유진,수출지원팀,EDU-ETH-01,2026년 공직자 청렴윤리 및 이해충돌방지 실무,공직윤리,국가과학기술인력개발원,3,2026-08-20,2026-09-18,100,75.0,수료,CERT-2026-GBSA-117
LMS-2026-118,GBSA2023015,윤태오,스타트업성장지원팀,EDU-JOB-04,2026년 창업보육전문가 역량강화 직무교육,직무전문,GBSA 사내학습센터,15,2026-08-01,2026-08-25,100,89.0,수료,CERT-2026-GBSA-118
LMS-2026-119,GBSA2023015,윤태오,스타트업성장지원팀,EDU-LAW-01,2026년 공공기관 법정의무교육(개인정보보호 및 정보보안),법정의무,경기도인재개발원,4,2026-08-15,2026-09-05,100,86.0,수료,CERT-2026-GBSA-119
LMS-2026-120,GBSA2023042,한소희,감사실,EDU-ETH-01,2026년 공직자 청렴윤리 및 이해충돌방지 실무,공직윤리,국가과학기술인력개발원,3,2026-08-15,2026-09-05,100,100.0,수료,CERT-2026-GBSA-120
LMS-2026-121,GBSA2023042,한소희,감사실,EDU-LAW-01,2026년 공공기관 법정의무교육(개인정보보호 및 정보보안),법정의무,경기도인재개발원,4,2026-08-20,2026-09-18,100,92.0,수료,CERT-2026-GBSA-121
LMS-2026-122,GBSA2023067,배수지,안전시설팀,EDU-SAFE-01,2026년 산업안전보건 정기 안전교육(3분기),산업안전,안전보건공단,6,2026-08-01,2026-08-25,100,87.0,수료,CERT-2026-GBSA-122
LMS-2026-123,GBSA2023067,배수지,안전시설팀,EDU-LAW-02,2026년 직장 내 괴롭힘 및 성희롱 예방교육,법정의무,한국생산성본부,2,2026-08-15,2026-09-05,100,92.0,수료,CERT-2026-GBSA-123
LMS-2026-124,GBSA2024005,이도현,재무관리팀,EDU-JOB-02,2026년 회계·예산 실무역량 강화과정,직무전문,한국생산성본부,12,2026-08-15,2026-09-05,100,81.0,수료,CERT-2026-GBSA-124
LMS-2026-125,GBSA2024005,이도현,재무관리팀,EDU-LAW-01,2026년 공공기관 법정의무교육(개인정보보호 및 정보보안),법정의무,경기도인재개발원,4,2026-08-15,2026-09-05,100,94.0,수료,CERT-2026-GBSA-125
LMS-2026-126,GBSA2024021,유연석,미래전략실,EDU-JOB-01,2026년 공공행정 생성형 AI 활용 및 프롬프트 실무,직무전문,GBSA 사내학습센터,8,2026-08-20,2026-09-15,100,80.0,수료,CERT-2026-GBSA-126
LMS-2026-127,GBSA2024021,유연석,미래전략실,EDU-LAW-02,2026년 직장 내 괴롭힘 및 성희롱 예방교육,법정의무,한국생산성본부,2,2026-08-01,2026-08-25,100,82.0,수료,CERT-2026-GBSA-127
LMS-2026-128,GBSA2024053,송중기,북부권역센터,EDU-SAFE-01,2026년 산업안전보건 정기 안전교육(3분기),산업안전,안전보건공단,6,2026-08-20,2026-09-18,100,91.0,수료,CERT-2026-GBSA-128
LMS-2026-129,GBSA2024053,송중기,북부권역센터,EDU-ETH-01,2026년 공직자 청렴윤리 및 이해충돌방지 실무,공직윤리,국가과학기술인력개발원,3,2026-08-15,2026-09-05,100,94.0,수료,CERT-2026-GBSA-129
LMS-2026-130,GBSA2025008,신민아,ICT융합팀,EDU-JOB-01,2026년 공공행정 생성형 AI 활용 및 프롬프트 실무,직무전문,GBSA 사내학습센터,8,2026-08-15,2026-09-05,100,84.0,수료,CERT-2026-GBSA-130
LMS-2026-131,GBSA2025008,신민아,ICT융합팀,EDU-LAW-01,2026년 공공기관 법정의무교육(개인정보보호 및 정보보안),법정의무,경기도인재개발원,4,2026-08-15,2026-09-05,100,92.0,수료,CERT-2026-GBSA-131
LMS-2026-132,GBSA2025029,임시완,글로벌성장처,EDU-LAW-02,2026년 직장 내 괴롭힘 및 성희롱 예방교육,법정의무,한국생산성본부,2,2026-08-15,2026-09-05,100,85.0,수료,CERT-2026-GBSA-132
LMS-2026-133,GBSA2025029,임시완,글로벌성장처,EDU-JOB-01,2026년 공공행정 생성형 AI 활용 및 프롬프트 실무,직무전문,GBSA 사내학습센터,8,2026-08-01,2026-08-25,100,85.0,수료,CERT-2026-GBSA-133
LMS-2026-134,GBSA2025072,문채원,창업육성팀,EDU-JOB-04,2026년 창업보육전문가 역량강화 직무교육,직무전문,GBSA 사내학습센터,15,2026-08-15,2026-09-05,100,85.0,수료,CERT-2026-GBSA-134
LMS-2026-135,GBSA2025072,문채원,창업육성팀,EDU-LAW-01,2026년 공공기관 법정의무교육(개인정보보호 및 정보보안),법정의무,경기도인재개발원,4,2026-08-20,2026-09-15,100,79.0,수료,CERT-2026-GBSA-135
LMS-2026-136,GBSA2026001,도경수,AI산업팀,EDU-JOB-01,2026년 공공행정 생성형 AI 활용 및 프롬프트 실무,직무전문,GBSA 사내학습센터,8,2026-08-15,2026-09-05,100,92.0,수료,CERT-2026-GBSA-136
LMS-2026-137,GBSA2026001,도경수,AI산업팀,EDU-ETH-01,2026년 공직자 청렴윤리 및 이해충돌방지 실무,공직윤리,국가과학기술인력개발원,3,2026-08-01,2026-08-25,100,83.0,수료,CERT-2026-GBSA-137
LMS-2026-138,GBSA2017004,황정민,경영혁신처,EDU-LAW-01,2026년 공공기관 법정의무교육(개인정보보호 및 정보보안),법정의무,경기도인재개발원,4,2026-08-20,2026-09-15,100,79.0,수료,CERT-2026-GBSA-138
LMS-2026-139,GBSA2017004,황정민,경영혁신처,EDU-ETH-01,2026년 공직자 청렴윤리 및 이해충돌방지 실무,공직윤리,국가과학기술인력개발원,3,2026-09-01,,63,,학습중,
