task_id,task_title,requesting_dept,target_dept,assignee_name,form_url,due_date,submission_status
REQ-2026-001,2027년도 주요업무계획 수립 부서별 신규사업 수요조사,기획조정실,AI산업팀,안송이,https://portal.gbsa.or.kr/forms/req_business_plan_2027.xlsx,2026-09-30,미제출
REQ-2026-002,2026년 3분기 예산집행 실적 및 4분기 불용예상액 점검표,예산팀,AI산업팀,안송이,https://portal.gbsa.or.kr/forms/req_budget_q3_check.xlsx,2026-09-25,제출완료
REQ-2026-003,2026년도 하반기 자체 일상감사 이행결과표 제출,감사실,기획조정실,김민준,https://portal.gbsa.or.kr/forms/req_audit_2026_h2.xlsx,2026-09-15,기한초과
REQ-2026-004,2026년도 공공기관 고객만족도(PCSI) 조사용 고객명부 취합,기획조정실,수출지원팀,조유진,https://portal.gbsa.or.kr/forms/req_pcsi_customer_list.xlsx,2026-09-22,미제출
REQ-2026-005,정품 소프트웨어(SW) 라이선스 정기 실태점검표,정보화추진팀,인사총무팀,이서연,https://portal.gbsa.or.kr/forms/req_sw_license_audit.xlsx,2026-09-20,제출완료
REQ-2026-006,3분기 부서별 보안점검 및 대외비 비밀문서 실태조사표,정보화추진팀,디지털전환팀,박지훈,https://portal.gbsa.or.kr/forms/req_sec_audit_q3.xlsx,2026-09-28,미제출
REQ-2026-007,2026년 공공기관 온실가스 감축 및 에너지 절약 이행실적표,안전시설팀,바이오신약지원팀,강하늘,https://portal.gbsa.or.kr/forms/req_energy_saving_2026.xlsx,2026-09-18,기한초과
REQ-2026-008,경기도의회 행정사무감사 대비 사전 요구자료 1차 취합,기획조정실,스타트업성장지원팀,윤태오,https://portal.gbsa.or.kr/forms/req_council_audit_part1.xlsx,2026-10-10,미제출
REQ-2026-009,2026년 하반기 주요 물품·비품 전수조사 실사결과서,재무관리팀,예산팀,최수진,https://portal.gbsa.or.kr/forms/req_asset_inventory_2026.xlsx,2026-09-26,제출완료
REQ-2026-010,부서별 공공데이터 개방 및 데이터 품질 진단표,정보화추진팀,AI산업팀,도경수,https://portal.gbsa.or.kr/forms/req_opendata_quality.xlsx,2026-10-05,미제출
REQ-2026-011,2026년 상반기 성과평가(MBO) 부서별 지표 실적 증빙자료,인사총무팀,정보화추진팀,정우성,https://portal.gbsa.or.kr/forms/req_mbo_performance_h1.xlsx,2026-09-24,제출완료
REQ-2026-012,산업안전보건 위험성평가 부서별 유해위험요인 파악표,안전시설팀,북부권역센터,송중기,https://portal.gbsa.or.kr/forms/req_risk_assessment_2026.xlsx,2026-09-29,미제출
REQ-2026-013,도내 R&D 지원기업 애로사항 실태조사 취합표,미래전략실,바이오신약지원팀,강하늘,https://portal.gbsa.or.kr/forms/req_rnd_survey_2026.xlsx,2026-09-16,기한초과
REQ-2026-014,해외전시회 참가기업 성과추적 조사결과표,글로벌성장처,수출지원팀,조유진,https://portal.gbsa.or.kr/forms/req_export_expo_result.xlsx,2026-10-02,미제출
REQ-2026-015,창업보육센터 입주기업 고용 및 매출 실적조사서,창업벤처처,창업육성팀,문채원,https://portal.gbsa.or.kr/forms/req_bi_tenant_status.xlsx,2026-09-25,제출완료
REQ-2026-016,통상규제 피해 중소기업 모니터링 현황표,미래전략실,통상전략팀,유연석,https://portal.gbsa.or.kr/forms/req_trade_monitoring.xlsx,2026-10-08,미제출
REQ-2026-017,부서별 생성형 AI 실무 도입 아이디어 제안서,미래전략실,ICT융합팀,신민아,https://portal.gbsa.or.kr/forms/req_genai_proposal.xlsx,2026-09-30,미제출
REQ-2026-018,부서별 연구용역 사후관리 및 평가결과서,기획조정실,AI산업팀,안송이,https://portal.gbsa.or.kr/forms/req_research_eval.xlsx,2026-09-17,기한초과
REQ-2026-019,2026 하반기 위탁사업 정산검사 대상목록표,감사실,스타트업성장지원팀,윤태오,https://portal.gbsa.or.kr/forms/req_settlement_audit.xlsx,2026-09-23,제출완료
REQ-2026-020,소방 및 피난안전시설 부서별 합동점검표,안전시설팀,인사총무팀,이서연,https://portal.gbsa.or.kr/forms/req_fire_safety_check.xlsx,2026-09-27,미제출
REQ-2026-021,2026년 3분기 카드매출 및 지출증빙 대사표,재무관리팀,재무관리팀,한지민,https://portal.gbsa.or.kr/forms/req_corp_card_reconciliation.xlsx,2026-09-21,제출완료
REQ-2026-022,북부권역 특화사업 추진경과 및 하반기 일정표,기획조정실,북부권역센터,송중기,https://portal.gbsa.or.kr/forms/req_north_project_schedule.xlsx,2026-09-14,기한초과
REQ-2026-023,공공기관 ESG 경영실적 증빙 체크리스트,미래전략실,기획조정실,김민준,https://portal.gbsa.or.kr/forms/req_esg_evidence_2026.xlsx,2026-10-12,미제출
REQ-2026-024,정보보호시스템 접근권한 정기검토 확인서,정보화추진팀,정보화추진팀,정우성,https://portal.gbsa.or.kr/forms/req_access_control_audit.xlsx,2026-09-22,제출완료
REQ-2026-025,2026년 청렴마일리지 부서별 적립실적 증빙,감사실,감사실,오세훈,https://portal.gbsa.or.kr/forms/req_integrity_mileage.xlsx,2026-09-30,미제출
REQ-2026-026,도내 스타트업 투자유치 IR 데모데이 참가명부,창업벤처처,창업육성팀,문채원,https://portal.gbsa.or.kr/forms/req_startup_ir_list.xlsx,2026-09-19,제출완료
REQ-2026-027,글로벌 온라인 마케팅 지원사업 정산 증빙,글로벌성장처,통상전략팀,유연석,https://portal.gbsa.or.kr/forms/req_global_marketing_settle.xlsx,2026-10-04,미제출
REQ-2026-028,2026 하반기 안전보건 교육 이수율 중간집계,안전시설팀,안전시설팀,임동현,https://portal.gbsa.or.kr/forms/req_safety_edu_summary.xlsx,2026-09-16,기한초과
REQ-2026-029,클라우드 전환 대상 부서별 업무시스템 설문지,정보화추진팀,디지털전환팀,박지훈,https://portal.gbsa.or.kr/forms/req_cloud_migration_survey.xlsx,2026-10-06,미제출
REQ-2026-030,2026년 공직기강 점검 자체점검결과서,감사실,예산팀,최수진,https://portal.gbsa.or.kr/forms/req_discipline_inspection.xlsx,2026-09-26,제출완료
REQ-2026-031,바이오 클러스터 입주기업 장비활용 수요조사,과학기술지원처,바이오신약지원팀,강하늘,https://portal.gbsa.or.kr/forms/req_bio_equipment_survey.xlsx,2026-09-29,미제출
REQ-2026-032,ICT 융합 스마트공장 보급사업 점검표,사업총괄처,ICT융합팀,신민아,https://portal.gbsa.or.kr/forms/req_smart_factory_check.xlsx,2026-09-25,미제출
REQ-2026-033,2026 신규 채용인력 OJT 멘토링 운영일지,인사총무팀,AI산업팀,도경수,https://portal.gbsa.or.kr/forms/req_ojt_mentoring_log.xlsx,2026-09-18,기한초과
REQ-2026-034,스타트업 스케일업 펀드 조성 참여의향서,창업벤처처,스타트업성장지원팀,윤태오,https://portal.gbsa.or.kr/forms/req_startup_fund_intent.xlsx,2026-10-15,미제출
REQ-2026-035,2026 주요사업 고객만족도 개선계획서,기획조정실,수출지원팀,조유진,https://portal.gbsa.or.kr/forms/req_service_improvement.xlsx,2026-09-28,미제출
REQ-2026-036,AI 혁신 실무 프로젝트 추진경과 보고서,미래전략실,AI산업팀,안송이,https://portal.gbsa.or.kr/forms/req_ai_project_status.xlsx,2026-09-24,제출완료
